,Time,Humidity,Temperature,MQ139,TVOC,eCO2,Detector,Status,Cause
0,0:00:00,43.5,21.3,98,0,400,OFF,0,charcoal/cardboard
1,0:00:01,43.5,21.3,97,0,400,OFF,0,charcoal/cardboard
2,0:00:02,43.6,21.4,97,0,400,OFF,0,charcoal/cardboard
3,0:00:03,43.6,21.4,97,0,400,OFF,0,charcoal/cardboard
4,0:00:04,43.7,21.4,98,0,400,OFF,0,charcoal/cardboard
5,0:00:05,43.7,21.4,98,0,400,OFF,0,charcoal/cardboard
6,0:00:06,43.7,21.4,98,0,400,OFF,0,charcoal/cardboard
7,0:00:07,43.7,21.4,98,0,400,OFF,0,charcoal/cardboard
8,0:00:08,43.6,21.4,98,0,400,OFF,0,charcoal/cardboard
9,0:00:09,43.6,21.4,98,0,400,OFF,0,charcoal/cardboard
10,0:00:10,43.7,21.4,98,0,400,OFF,0,charcoal/cardboard
11,0:00:11,43.7,21.4,98,0,400,OFF,0,charcoal/cardboard
12,0:00:12,43.7,21.4,98,0,400,OFF,0,charcoal/cardboard
13,0:00:13,43.7,21.4,98,0,400,OFF,0,charcoal/cardboard
14,0:00:14,43.7,21.4,98,0,400,OFF,0,charcoal/cardboard
15,0:00:15,43.7,21.4,98,0,400,OFF,0,charcoal/cardboard
16,0:00:16,43.7,21.4,98,3,401,OFF,0,charcoal/cardboard
17,0:00:17,43.7,21.4,98,6,402,OFF,0,charcoal/cardboard
18,0:00:18,43.6,21.4,97,9,412,OFF,0,charcoal/cardboard
19,0:00:19,43.6,21.4,98,11,405,OFF,0,charcoal/cardboard
20,0:00:20,43.6,21.4,97,11,405,OFF,0,charcoal/cardboard
21,0:00:21,43.6,21.4,98,11,408,OFF,0,charcoal/cardboard
22,0:00:22,43.6,21.4,97,13,408,OFF,0,charcoal/cardboard
23,0:00:23,43.6,21.4,98,12,416,OFF,0,charcoal/cardboard
24,0:00:24,43.6,21.4,98,13,404,OFF,0,charcoal/cardboard
25,0:00:25,43.6,21.4,98,14,406,OFF,0,charcoal/cardboard
26,0:00:26,43.6,21.4,98,17,404,OFF,0,charcoal/cardboard
27,0:00:27,43.6,21.4,97,15,400,OFF,0,charcoal/cardboard
28,0:00:28,43.6,21.4,97,11,406,OFF,0,charcoal/cardboard
29,0:00:29,43.6,21.4,97,17,413,OFF,0,charcoal/cardboard
30,0:00:30,43.6,21.4,98,9,405,OFF,0,charcoal/cardboard
31,0:00:31,43.6,21.5,97,15,403,OFF,0,charcoal/cardboard
32,0:00:32,43.6,21.5,98,11,413,OFF,0,charcoal/cardboard
33,0:00:33,43.6,21.4,97,11,412,OFF,0,charcoal/cardboard
34,0:00:34,43.6,21.4,98,17,414,OFF,0,charcoal/cardboard
35,0:00:35,43.6,21.4,98,18,410,OFF,0,charcoal/cardboard
36,0:00:36,43.6,21.4,98,19,415,OFF,0,charcoal/cardboard
37,0:00:37,43.6,21.4,97,18,409,OFF,0,charcoal/cardboard
38,0:00:38,43.6,21.4,98,21,412,OFF,0,charcoal/cardboard
39,0:00:39,43.7,21.5,98,11,415,OFF,0,charcoal/cardboard
40,0:00:40,43.7,21.5,98,14,411,OFF,0,charcoal/cardboard
41,0:00:41,43.7,21.5,97,14,404,OFF,0,charcoal/cardboard
42,0:00:42,43.7,21.5,98,14,402,OFF,0,charcoal/cardboard
43,0:00:43,43.7,21.5,98,15,400,OFF,0,charcoal/cardboard
44,0:00:44,43.7,21.5,98,9,401,OFF,0,charcoal/cardboard
45,0:00:45,43.7,21.5,98,10,404,OFF,0,charcoal/cardboard
46,0:00:46,43.7,21.5,98,12,400,OFF,0,charcoal/cardboard
47,0:00:47,43.7,21.5,98,11,401,OFF,0,charcoal/cardboard
48,0:00:48,43.7,21.5,98,14,400,OFF,0,charcoal/cardboard
49,0:00:49,43.7,21.5,98,10,400,OFF,0,charcoal/cardboard
50,0:00:50,43.7,21.5,98,10,401,OFF,0,charcoal/cardboard
51,0:00:51,43.7,21.5,98,9,400,OFF,1,charcoal/cardboard
52,0:00:52,43.7,21.5,98,11,400,OFF,1,charcoal/cardboard
53,0:00:53,43.7,21.5,97,10,401,OFF,1,charcoal/cardboard
54,0:00:54,43.7,21.5,98,12,411,OFF,1,charcoal/cardboard
55,0:00:55,43.6,21.5,97,11,412,OFF,1,charcoal/cardboard
56,0:00:56,43.6,21.5,98,3,415,OFF,1,charcoal/cardboard
57,0:00:57,43.6,21.5,98,9,419,OFF,1,charcoal/cardboard
58,0:00:58,43.6,21.5,98,7,422,OFF,1,charcoal/cardboard
59,0:00:59,43.6,21.5,98,10,437,OFF,1,charcoal/cardboard
60,0:01:00,43.6,21.5,99,8,450,OFF,1,charcoal/cardboard
61,0:01:01,43.6,21.5,98,11,461,OFF,1,charcoal/cardboard
62,0:01:02,43.6,21.5,100,11,470,OFF,1,charcoal/cardboard
63,0:01:03,43.6,21.5,100,23,529,OFF,1,charcoal/cardboard
64,0:01:04,43.6,21.5,101,25,586,OFF,1,charcoal/cardboard
65,0:01:05,43.6,21.5,101,31,591,OFF,1,charcoal/cardboard
66,0:01:06,43.6,21.5,102,36,601,OFF,1,charcoal/cardboard
67,0:01:07,43.6,21.5,103,43,596,OFF,1,charcoal/cardboard
68,0:01:08,43.6,21.5,102,47,592,OFF,1,charcoal/cardboard
69,0:01:09,43.6,21.5,103,58,612,OFF,1,charcoal/cardboard
70,0:01:10,43.6,21.5,103,55,612,OFF,1,charcoal/cardboard
71,0:01:11,43.6,21.5,104,61,596,OFF,1,charcoal/cardboard
72,0:01:12,43.6,21.5,104,57,582,OFF,1,charcoal/cardboard
73,0:01:13,43.6,21.5,103,55,561,OFF,1,charcoal/cardboard
74,0:01:14,43.6,21.5,104,58,551,OFF,1,charcoal/cardboard
75,0:01:15,43.6,21.5,103,54,546,OFF,1,charcoal/cardboard
76,0:01:16,43.6,21.5,104,59,544,OFF,1,charcoal/cardboard
77,0:01:17,43.6,21.5,103,63,554,OFF,1,charcoal/cardboard
78,0:01:18,43.6,21.5,104,59,547,OFF,1,charcoal/cardboard
79,0:01:19,43.6,21.5,104,60,561,OFF,1,charcoal/cardboard
80,0:01:20,43.6,21.5,104,56,568,OFF,1,charcoal/cardboard
81,0:01:21,43.6,21.5,105,66,581,OFF,1,charcoal/cardboard
82,0:01:22,43.6,21.5,105,64,573,OFF,1,charcoal/cardboard
83,0:01:23,43.6,21.5,104,66,571,OFF,1,charcoal/cardboard
84,0:01:24,43.6,21.5,105,69,570,OFF,1,charcoal/cardboard
85,0:01:25,43.6,21.5,105,70,565,OFF,1,charcoal/cardboard
86,0:01:26,43.6,21.5,105,71,581,OFF,1,charcoal/cardboard
87,0:01:27,43.6,21.5,105,71,587,OFF,1,charcoal/cardboard
88,0:01:28,43.7,21.5,105,72,608,OFF,1,charcoal/cardboard
89,0:01:29,43.7,21.5,105,66,617,OFF,1,charcoal/cardboard
90,0:01:30,43.7,21.5,106,76,623,OFF,1,charcoal/cardboard
91,0:01:31,43.7,21.5,106,75,627,OFF,1,charcoal/cardboard
92,0:01:32,43.7,21.4,107,87,634,OFF,1,charcoal/cardboard
93,0:01:33,43.7,21.4,107,85,630,OFF,1,charcoal/cardboard
94,0:01:34,43.8,21.5,106,85,631,OFF,1,charcoal/cardboard
95,0:01:35,43.8,21.5,107,85,654,OFF,1,charcoal/cardboard
96,0:01:36,43.8,21.5,107,87,675,OFF,1,charcoal/cardboard
97,0:01:37,43.8,21.5,108,95,686,OFF,1,charcoal/cardboard
98,0:01:38,43.8,21.5,106,101,699,OFF,1,charcoal/cardboard
99,0:01:39,43.8,21.5,107,109,702,OFF,1,charcoal/cardboard
100,0:01:40,43.8,21.5,107,117,712,OFF,1,charcoal/cardboard
101,0:01:41,43.8,21.5,108,114,719,OFF,1,charcoal/cardboard
102,0:01:42,43.8,21.5,109,119,750,OFF,1,charcoal/cardboard
103,0:01:43,43.9,21.5,109,124,747,OFF,1,charcoal/cardboard
104,0:01:44,43.9,21.5,110,137,762,OFF,1,charcoal/cardboard
105,0:01:45,43.9,21.5,110,145,771,OFF,1,charcoal/cardboard
106,0:01:46,43.9,21.5,111,148,768,OFF,1,charcoal/cardboard
107,0:01:47,43.8,21.5,111,152,771,OFF,1,charcoal/cardboard
108,0:01:48,43.8,21.5,111,159,776,OFF,1,charcoal/cardboard
109,0:01:49,43.9,21.5,112,162,778,OFF,1,charcoal/cardboard
110,0:01:50,43.9,21.5,113,172,792,OFF,1,charcoal/cardboard
111,0:01:51,43.9,21.5,115,178,789,OFF,1,charcoal/cardboard
112,0:01:52,43.9,21.5,115,184,795,OFF,1,charcoal/cardboard
113,0:01:53,43.9,21.5,115,177,785,OFF,1,charcoal/cardboard
114,0:01:54,43.9,21.5,116,192,795,OFF,1,charcoal/cardboard
115,0:01:55,43.9,21.5,116,194,814,OFF,1,charcoal/cardboard
116,0:01:56,43.9,21.5,116,197,824,OFF,1,charcoal/cardboard
117,0:01:57,43.9,21.5,117,204,823,OFF,1,charcoal/cardboard
118,0:01:58,43.9,21.5,118,210,830,OFF,1,charcoal/cardboard
119,0:01:59,44.0,21.5,118,216,853,OFF,1,charcoal/cardboard
120,0:02:00,44.0,21.5,118,220,857,OFF,1,charcoal/cardboard
121,0:02:01,44.0,21.5,118,228,891,OFF,1,charcoal/cardboard
122,0:02:02,44.0,21.5,119,241,958,OFF,1,charcoal/cardboard
123,0:02:03,44.0,21.5,119,257,1050,OFF,1,charcoal/cardboard
124,0:02:04,44.0,21.5,120,269,1123,OFF,1,charcoal/cardboard
125,0:02:05,44.1,21.5,121,299,1159,OFF,1,charcoal/cardboard
126,0:02:06,44.1,21.5,121,309,1185,OFF,1,charcoal/cardboard
127,0:02:07,44.1,21.5,122,329,1235,OFF,1,charcoal/cardboard
128,0:02:08,44.1,21.5,123,347,1251,OFF,1,charcoal/cardboard
129,0:02:09,44.1,21.5,122,392,1334,OFF,1,charcoal/cardboard
130,0:02:10,44.1,21.5,123,411,1346,OFF,1,charcoal/cardboard
131,0:02:11,44.1,21.5,125,434,1293,OFF,1,charcoal/cardboard
132,0:02:12,44.2,21.5,125,431,1282,OFF,1,charcoal/cardboard
133,0:02:13,44.2,21.5,125,455,1358,OFF,1,charcoal/cardboard
134,0:02:14,44.2,21.5,126,466,1452,OFF,1,charcoal/cardboard
135,0:02:15,44.2,21.5,127,503,1585,OFF,1,charcoal/cardboard
136,0:02:16,44.2,21.4,128,542,1599,OFF,1,charcoal/cardboard
137,0:02:17,44.2,21.4,128,552,1550,OFF,1,charcoal/cardboard
138,0:02:18,44.2,21.4,128,571,1518,OFF,1,charcoal/cardboard
139,0:02:19,44.2,21.4,129,572,1543,OFF,1,charcoal/cardboard
140,0:02:20,44.2,21.4,130,610,1616,OFF,1,charcoal/cardboard
141,0:02:21,44.2,21.4,131,631,1613,OFF,1,charcoal/cardboard
142,0:02:22,44.3,21.4,131,651,1623,OFF,1,charcoal/cardboard
143,0:02:23,44.3,21.4,132,673,1628,OFF,1,charcoal/cardboard
144,0:02:24,44.3,21.4,133,713,1645,OFF,1,charcoal/cardboard
145,0:02:25,44.3,21.4,133,724,1653,OFF,1,charcoal/cardboard
146,0:02:26,44.3,21.4,133,730,1670,OFF,1,charcoal/cardboard
147,0:02:27,44.3,21.4,134,754,1702,OFF,1,charcoal/cardboard
148,0:02:28,44.3,21.4,134,775,1742,OFF,1,charcoal/cardboard
149,0:02:29,44.3,21.4,134,784,1717,OFF,1,charcoal/cardboard
150,0:02:30,44.3,21.4,134,820,1731,OFF,1,charcoal/cardboard
151,0:02:31,44.3,21.4,134,839,1743,OFF,1,charcoal/cardboard
152,0:02:32,44.3,21.4,135,863,1770,OFF,1,charcoal/cardboard
153,0:02:33,44.3,21.4,136,854,1778,OFF,1,charcoal/cardboard
154,0:02:34,44.4,21.4,136,876,1840,OFF,1,charcoal/cardboard
155,0:02:35,44.4,21.4,137,914,1907,OFF,1,charcoal/cardboard
156,0:02:36,44.4,21.4,139,949,2041,OFF,1,charcoal/cardboard
157,0:02:37,44.4,21.4,139,1003,2153,OFF,1,charcoal/cardboard
158,0:02:38,44.4,21.4,141,1074,2526,OFF,1,charcoal/cardboard
159,0:02:39,44.4,21.4,142,1132,2747,OFF,1,charcoal/cardboard
160,0:02:40,44.5,21.4,144,1223,2850,OFF,1,charcoal/cardboard
161,0:02:41,44.5,21.4,144,1255,2811,OFF,1,charcoal/cardboard
162,0:02:42,44.5,21.4,145,1285,2732,OFF,1,charcoal/cardboard
163,0:02:43,44.5,21.4,145,1300,2563,OFF,1,charcoal/cardboard
164,0:02:44,44.5,21.4,145,1262,2054,OFF,1,charcoal/cardboard
165,0:02:45,44.5,21.4,144,1234,2021,OFF,1,charcoal/cardboard
166,0:02:46,44.5,21.4,144,1203,2045,OFF,1,charcoal/cardboard
167,0:02:47,44.5,21.4,145,1208,2126,OFF,1,charcoal/cardboard
168,0:02:48,44.5,21.4,145,1264,2516,OFF,1,charcoal/cardboard
169,0:02:49,44.5,21.4,146,1269,2671,OFF,1,charcoal/cardboard
170,0:02:50,44.5,21.4,147,1353,2869,OFF,1,charcoal/cardboard
171,0:02:51,44.5,21.4,147,1369,2891,OFF,1,charcoal/cardboard
172,0:02:52,44.5,21.4,148,1425,2840,OFF,1,charcoal/cardboard
173,0:02:53,44.5,21.4,148,1425,2710,OFF,1,charcoal/cardboard
174,0:02:54,44.5,21.4,149,1413,2568,OFF,1,charcoal/cardboard
175,0:02:55,44.6,21.4,149,1390,2514,OFF,1,charcoal/cardboard
176,0:02:56,44.6,21.4,149,1399,2693,OFF,1,charcoal/cardboard
177,0:02:57,44.6,21.4,150,1425,2808,OFF,1,charcoal/cardboard
178,0:02:58,44.6,21.4,150,1542,2933,OFF,1,charcoal/cardboard
179,0:02:59,44.6,21.4,150,1549,2909,OFF,1,charcoal/cardboard
180,0:03:00,44.6,21.4,151,1609,2938,OFF,1,charcoal/cardboard
181,0:03:01,44.6,21.4,151,1561,2869,OFF,1,charcoal/cardboard
182,0:03:02,44.6,21.4,151,1570,2945,OFF,1,charcoal/cardboard
183,0:03:03,44.6,21.4,151,1614,3014,OFF,1,charcoal/cardboard
184,0:03:04,44.6,21.4,152,1646,2992,OFF,1,charcoal/cardboard
185,0:03:05,44.6,21.4,152,1660,2990,OFF,1,charcoal/cardboard
186,0:03:06,44.6,21.4,152,1688,3014,OFF,1,charcoal/cardboard
187,0:03:07,44.6,21.4,153,1679,3117,OFF,1,charcoal/cardboard
188,0:03:08,44.6,21.4,153,1762,3284,OFF,1,charcoal/cardboard
189,0:03:09,44.6,21.4,154,1778,3336,OFF,1,charcoal/cardboard
190,0:03:10,44.6,21.4,155,1854,3498,OFF,1,charcoal/cardboard
191,0:03:11,44.6,21.4,155,1870,3556,OFF,1,charcoal/cardboard
192,0:03:12,44.6,21.4,156,1900,3490,OFF,1,charcoal/cardboard
193,0:03:13,44.6,21.4,156,1967,3571,OFF,1,charcoal/cardboard
194,0:03:14,44.6,21.4,156,2013,3586,OFF,1,charcoal/cardboard
195,0:03:15,44.6,21.4,156,1981,3554,OFF,1,charcoal/cardboard
196,0:03:16,44.6,21.4,157,1995,3579,OFF,1,charcoal/cardboard
197,0:03:17,44.6,21.4,157,2046,3603,OFF,1,charcoal/cardboard
198,0:03:18,44.6,21.4,158,2076,3652,OFF,1,charcoal/cardboard
199,0:03:19,44.6,21.3,158,2099,3696,OFF,1,charcoal/cardboard
200,0:03:20,44.6,21.3,158,2131,3610,OFF,1,charcoal/cardboard
201,0:03:21,44.6,21.3,158,2071,3586,OFF,1,charcoal/cardboard
202,0:03:22,44.6,21.3,158,2145,3684,OFF,1,charcoal/cardboard
203,0:03:23,44.6,21.3,159,2184,3655,OFF,1,charcoal/cardboard
204,0:03:24,44.6,21.3,159,2127,3655,OFF,1,charcoal/cardboard
205,0:03:25,44.6,21.3,159,2166,3647,OFF,1,charcoal/cardboard
206,0:03:26,44.6,21.3,159,2152,3613,OFF,1,charcoal/cardboard
207,0:03:27,44.7,21.3,159,2147,3623,OFF,1,charcoal/cardboard
208,0:03:28,44.7,21.3,160,2127,3637,OFF,1,charcoal/cardboard
209,0:03:29,44.7,21.3,160,2145,3650,OFF,1,charcoal/cardboard
210,0:03:30,44.7,21.3,160,2214,3750,OFF,1,charcoal/cardboard
211,0:03:31,44.7,21.3,160,2212,3775,OFF,1,charcoal/cardboard
212,0:03:32,44.7,21.3,160,2224,3758,OFF,1,charcoal/cardboard
213,0:03:33,44.7,21.3,161,2224,3790,OFF,1,charcoal/cardboard
214,0:03:34,44.7,21.3,160,2258,3792,OFF,1,charcoal/cardboard
215,0:03:35,44.7,21.3,161,2237,3861,OFF,1,charcoal/cardboard
216,0:03:36,44.7,21.3,162,2270,3927,OFF,1,charcoal/cardboard
217,0:03:37,44.7,21.3,163,2293,3961,OFF,1,charcoal/cardboard
218,0:03:38,44.7,21.3,163,2316,4018,OFF,1,charcoal/cardboard
219,0:03:39,44.8,21.3,164,2341,4057,OFF,1,charcoal/cardboard
220,0:03:40,44.8,21.3,164,2348,4091,OFF,1,charcoal/cardboard
221,0:03:41,44.7,21.3,165,2392,4182,OFF,1,charcoal/cardboard
222,0:03:42,44.7,21.3,165,2420,4273,OFF,1,charcoal/cardboard
223,0:03:43,44.8,21.3,165,2477,4312,OFF,1,charcoal/cardboard
224,0:03:44,44.8,21.3,166,2494,4351,OFF,1,charcoal/cardboard
225,0:03:45,44.8,21.3,166,2517,4489,OFF,1,charcoal/cardboard
226,0:03:46,44.8,21.3,166,2549,4531,OFF,1,charcoal/cardboard
227,0:03:47,44.8,21.3,167,2551,4410,OFF,1,charcoal/cardboard
228,0:03:48,44.8,21.3,168,2574,4437,OFF,1,charcoal/cardboard
229,0:03:49,44.8,21.3,167,2542,4462,OFF,1,charcoal/cardboard
230,0:03:50,44.8,21.3,168,2593,4496,OFF,1,charcoal/cardboard
231,0:03:51,44.8,21.3,168,2627,4428,ON,2,charcoal/cardboard
232,0:03:52,44.8,21.3,168,2579,4482,ON,2,charcoal/cardboard
233,0:03:53,44.8,21.3,169,2667,4680,ON,2,charcoal/cardboard
234,0:03:54,44.8,21.3,170,2667,4567,ON,2,charcoal/cardboard
235,0:03:55,44.8,21.3,170,2653,4491,ON,2,charcoal/cardboard
236,0:03:56,44.8,21.3,170,2669,4496,ON,2,charcoal/cardboard
237,0:03:57,44.8,21.3,170,2660,4435,ON,2,charcoal/cardboard
238,0:03:58,44.8,21.3,170,2694,4501,ON,2,charcoal/cardboard
239,0:03:59,44.8,21.3,171,2655,4577,ON,2,charcoal/cardboard
240,0:04:00,44.8,21.3,171,2729,4695,ON,2,charcoal/cardboard
241,0:04:01,44.8,21.3,171,2741,4739,ON,2,charcoal/cardboard
242,0:04:02,44.8,21.3,172,2745,4805,ON,2,charcoal/cardboard
243,0:04:03,44.8,21.3,172,2773,4774,ON,2,charcoal/cardboard
244,0:04:04,44.9,21.3,172,2787,4751,ON,2,charcoal/cardboard
245,0:04:05,44.9,21.3,172,2805,4749,ON,2,charcoal/cardboard
246,0:04:06,44.9,21.3,173,2787,4781,ON,2,charcoal/cardboard
247,0:04:07,44.9,21.3,173,2801,4781,ON,2,charcoal/cardboard
248,0:04:08,44.9,21.3,173,2814,4810,ON,2,charcoal/cardboard
249,0:04:09,44.9,21.3,173,2798,4776,ON,2,charcoal/cardboard
250,0:04:10,44.9,21.3,173,2824,4847,ON,2,charcoal/cardboard
251,0:04:11,44.9,21.3,173,2831,4896,ON,2,charcoal/cardboard
252,0:04:12,44.9,21.3,174,2865,4933,ON,2,charcoal/cardboard
253,0:04:13,44.9,21.3,174,2842,5087,ON,2,charcoal/cardboard
254,0:04:14,44.9,21.3,175,2891,5174,ON,2,charcoal/cardboard
255,0:04:15,44.9,21.3,175,2928,5128,ON,2,charcoal/cardboard
256,0:04:16,44.9,21.3,175,2905,5076,ON,2,charcoal/cardboard
257,0:04:17,44.9,21.3,176,2946,5169,ON,2,charcoal/cardboard
258,0:04:18,44.9,21.3,175,2937,5064,ON,2,charcoal/cardboard
259,0:04:19,44.9,21.3,176,2967,5001,ON,2,charcoal/cardboard
260,0:04:20,44.9,21.3,175,2925,5006,ON,2,charcoal/cardboard
261,0:04:21,44.9,21.3,175,2923,4918,ON,2,charcoal/cardboard
262,0:04:22,44.9,21.3,175,2916,5035,ON,2,charcoal/cardboard
263,0:04:23,44.9,21.3,175,2955,5122,ON,2,charcoal/cardboard
264,0:04:24,44.9,21.3,176,2988,5221,ON,2,charcoal/cardboard
265,0:04:25,44.9,21.3,176,2983,5308,ON,2,charcoal/cardboard
266,0:04:26,45.0,21.3,178,3029,5423,ON,2,charcoal/cardboard
267,0:04:27,45.0,21.3,178,3034,5620,ON,2,charcoal/cardboard
268,0:04:28,45.0,21.3,179,3022,5667,ON,2,charcoal/cardboard
269,0:04:29,45.0,21.3,180,3055,5829,ON,2,charcoal/cardboard
270,0:04:30,45.0,21.3,180,3133,6124,ON,2,charcoal/cardboard
271,0:04:31,45.0,21.3,181,3208,6101,ON,2,charcoal/cardboard
272,0:04:32,45.0,21.3,181,3213,6159,ON,2,charcoal/cardboard
273,0:04:33,45.0,21.3,181,3229,6188,ON,2,charcoal/cardboard
274,0:04:34,44.9,21.2,181,3339,6286,ON,2,charcoal/cardboard
275,0:04:35,44.9,21.2,181,3364,6246,ON,2,charcoal/cardboard
276,0:04:36,45.0,21.3,181,3364,6066,ON,2,charcoal/cardboard
277,0:04:37,45.0,21.3,181,3279,5892,ON,2,charcoal/cardboard
278,0:04:38,45.0,21.3,181,3213,5829,ON,2,charcoal/cardboard
279,0:04:39,45.0,21.3,181,3304,5962,ON,2,charcoal/cardboard
280,0:04:40,45.0,21.3,182,3349,6130,ON,2,charcoal/cardboard
281,0:04:41,45.0,21.3,182,3369,6315,ON,2,charcoal/cardboard
282,0:04:42,45.0,21.2,182,3414,6402,ON,2,charcoal/cardboard
283,0:04:43,45.0,21.2,182,3384,6286,ON,2,charcoal/cardboard
284,0:04:44,45.0,21.3,182,3384,6333,ON,2,charcoal/cardboard
285,0:04:45,45.0,21.3,182,3414,6460,ON,2,charcoal/cardboard
286,0:04:46,45.0,21.2,182,3429,6396,ON,2,charcoal/cardboard
287,0:04:47,45.0,21.2,183,3464,6495,ON,2,charcoal/cardboard
288,0:04:48,45.0,21.3,184,3409,6402,ON,2,charcoal/cardboard
289,0:04:49,45.0,21.3,184,3439,6431,ON,2,charcoal/cardboard
290,0:04:50,45.1,21.3,184,3494,6628,ON,2,charcoal/cardboard
291,0:04:51,45.1,21.3,184,3499,6738,ON,2,charcoal/cardboard
292,0:04:52,45.1,21.3,184,3635,6883,ON,2,charcoal/cardboard
293,0:04:53,45.1,21.3,184,3590,7068,ON,2,charcoal/cardboard
294,0:04:54,45.1,21.3,185,3585,7051,ON,2,charcoal/cardboard
295,0:04:55,45.0,21.2,186,3690,7323,ON,2,charcoal/cardboard
296,0:04:56,45.0,21.2,187,3690,7311,ON,2,charcoal/cardboard
297,0:04:57,45.0,21.2,188,3800,7219,ON,2,charcoal/cardboard
298,0:04:58,45.0,21.2,188,3740,7427,ON,2,charcoal/cardboard
299,0:04:59,45.0,21.2,188,3735,7566,ON,2,charcoal/cardboard
300,0:05:00,45.0,21.2,188,3885,7560,ON,2,charcoal/cardboard
301,0:05:01,45.1,21.2,188,3840,7595,ON,2,charcoal/cardboard
302,0:05:02,45.1,21.2,188,3870,7653,ON,2,charcoal/cardboard
303,0:05:03,45.1,21.2,188,3966,7641,ON,2,charcoal/cardboard
304,0:05:04,45.1,21.2,189,3941,7607,ON,2,charcoal/cardboard
305,0:05:05,45.1,21.2,190,3931,7468,ON,2,charcoal/cardboard
306,0:05:06,45.1,21.2,190,3971,7502,ON,2,charcoal/cardboard
307,0:05:07,45.1,21.2,190,3936,7445,ON,2,charcoal/cardboard
308,0:05:08,45.1,21.2,189,3971,7537,ON,2,charcoal/cardboard
309,0:05:09,45.1,21.2,189,3971,7462,ON,2,charcoal/cardboard
310,0:05:10,45.1,21.2,189,3911,7277,ON,2,charcoal/cardboard
311,0:05:11,45.1,21.3,189,3860,7161,ON,2,charcoal/cardboard
312,0:05:12,45.1,21.3,189,3845,7224,ON,2,charcoal/cardboard
313,0:05:13,45.1,21.2,189,3921,7167,ON,2,charcoal/cardboard
314,0:05:14,45.1,21.2,190,3880,7277,ON,2,charcoal/cardboard
315,0:05:15,45.1,21.2,190,3906,7369,ON,2,charcoal/cardboard
316,0:05:16,45.1,21.2,190,3926,7589,ON,2,charcoal/cardboard
317,0:05:17,45.1,21.2,191,4006,7595,ON,2,charcoal/cardboard
318,0:05:18,45.1,21.2,191,3971,7804,ON,2,charcoal/cardboard
319,0:05:19,45.1,21.2,191,4026,7833,ON,2,charcoal/cardboard
320,0:05:20,45.1,21.2,192,4076,8006,ON,2,charcoal/cardboard
321,0:05:21,45.1,21.3,193,4111,8174,ON,2,charcoal/cardboard
322,0:05:22,45.1,21.3,193,4171,8215,ON,2,charcoal/cardboard
323,0:05:23,45.1,21.2,193,4186,8140,ON,2,charcoal/cardboard
324,0:05:24,45.1,21.2,193,4116,8047,ON,2,charcoal/cardboard
325,0:05:25,45.1,21.2,192,4146,8163,ON,2,charcoal/cardboard
326,0:05:26,45.1,21.2,193,4176,8076,ON,2,charcoal/cardboard
327,0:05:27,45.1,21.2,193,4201,8070,ON,2,charcoal/cardboard
328,0:05:28,45.1,21.2,193,4146,8076,ON,2,charcoal/cardboard
329,0:05:29,45.1,21.2,193,4232,7925,ON,2,charcoal/cardboard
330,0:00:00,61.5,24.2,153,0,400,OFF,0,charcoal/cardboard
331,0:00:01,61.5,24.2,154,0,400,OFF,0,charcoal/cardboard
332,0:00:02,61.9,24.2,154,0,400,OFF,0,charcoal/cardboard
333,0:00:03,61.9,24.2,155,0,400,OFF,0,charcoal/cardboard
334,0:00:04,62.0,24.2,156,0,400,OFF,0,charcoal/cardboard
335,0:00:05,62.0,24.2,156,0,400,OFF,0,charcoal/cardboard
336,0:00:06,62.1,24.2,156,0,400,OFF,0,charcoal/cardboard
337,0:00:07,62.1,24.2,156,0,400,OFF,0,charcoal/cardboard
338,0:00:08,62.0,24.2,157,0,400,OFF,0,charcoal/cardboard
339,0:00:09,62.0,24.2,157,0,400,OFF,0,charcoal/cardboard
340,0:00:10,61.9,24.2,157,0,400,OFF,0,charcoal/cardboard
341,0:00:11,61.9,24.2,158,0,400,OFF,0,charcoal/cardboard
342,0:00:12,61.8,24.2,158,0,400,OFF,0,charcoal/cardboard
343,0:00:13,61.8,24.2,158,0,400,OFF,0,charcoal/cardboard
344,0:00:14,61.7,24.2,159,0,400,OFF,0,charcoal/cardboard
345,0:00:15,61.6,24.2,159,0,400,OFF,0,charcoal/cardboard
346,0:00:16,61.5,24.2,160,8,411,OFF,0,charcoal/cardboard
347,0:00:17,61.4,24.2,160,5,419,OFF,0,charcoal/cardboard
348,0:00:18,61.3,24.2,161,7,427,OFF,0,charcoal/cardboard
349,0:00:19,61.3,24.2,161,9,436,OFF,0,charcoal/cardboard
350,0:00:20,61.3,24.2,162,16,452,OFF,0,charcoal/cardboard
351,0:00:21,61.3,24.2,162,19,449,OFF,0,charcoal/cardboard
352,0:00:22,61.3,24.2,162,28,459,OFF,0,charcoal/cardboard
353,0:00:23,61.2,24.2,162,28,459,OFF,0,charcoal/cardboard
354,0:00:24,61.2,24.2,162,32,447,OFF,0,charcoal/cardboard
355,0:00:25,61.1,24.2,162,32,442,OFF,0,charcoal/cardboard
356,0:00:26,61.1,24.2,162,28,436,OFF,0,charcoal/cardboard
357,0:00:27,61.1,24.2,161,28,431,OFF,0,charcoal/cardboard
358,0:00:28,61.1,24.2,162,25,434,OFF,0,charcoal/cardboard
359,0:00:29,61.1,24.3,161,28,425,OFF,0,charcoal/cardboard
360,0:00:30,61.1,24.3,161,26,433,OFF,0,charcoal/cardboard
361,0:00:31,61.1,24.3,161,31,436,OFF,0,charcoal/cardboard
362,0:00:32,61.1,24.3,161,27,433,OFF,0,charcoal/cardboard
363,0:00:33,61.0,24.2,161,30,441,OFF,0,charcoal/cardboard
364,0:00:34,61.0,24.2,161,32,440,OFF,0,charcoal/cardboard
365,0:00:35,61.0,24.3,160,34,442,OFF,0,charcoal/cardboard
366,0:00:36,61.0,24.3,161,23,433,OFF,0,charcoal/cardboard
367,0:00:37,61.0,24.3,161,26,429,OFF,0,charcoal/cardboard
368,0:00:38,61.0,24.3,160,21,421,OFF,0,charcoal/cardboard
369,0:00:39,60.9,24.2,161,18,417,OFF,0,charcoal/cardboard
370,0:00:40,60.9,24.2,160,16,422,OFF,0,charcoal/cardboard
371,0:00:41,60.9,24.3,160,22,425,OFF,0,charcoal/cardboard
372,0:00:42,60.9,24.3,160,19,424,OFF,0,charcoal/cardboard
373,0:00:43,60.9,24.3,160,16,411,OFF,0,charcoal/cardboard
374,0:00:44,60.9,24.3,160,21,412,OFF,0,charcoal/cardboard
375,0:00:45,60.9,24.3,159,12,407,OFF,0,charcoal/cardboard
376,0:00:46,60.9,24.3,160,15,410,OFF,0,charcoal/cardboard
377,0:00:47,60.9,24.3,160,10,405,OFF,0,charcoal/cardboard
378,0:00:48,60.9,24.3,160,10,400,OFF,0,charcoal/cardboard
379,0:00:49,60.9,24.3,159,14,401,OFF,0,charcoal/cardboard
380,0:00:50,60.8,24.3,159,5,400,OFF,0,charcoal/cardboard
381,0:00:51,60.8,24.3,159,3,400,OFF,0,charcoal/cardboard
382,0:00:52,60.8,24.3,159,9,404,OFF,0,charcoal/cardboard
383,0:00:53,60.8,24.3,159,6,400,OFF,0,charcoal/cardboard
384,0:00:54,60.7,24.3,158,5,400,OFF,0,charcoal/cardboard
385,0:00:55,60.7,24.3,159,6,400,OFF,0,charcoal/cardboard
386,0:00:56,60.7,24.3,158,1,400,OFF,0,charcoal/cardboard
387,0:00:57,60.7,24.3,158,1,400,OFF,0,charcoal/cardboard
388,0:00:58,60.7,24.3,158,0,400,OFF,0,charcoal/cardboard
389,0:00:59,60.7,24.3,158,2,400,OFF,0,charcoal/cardboard
390,0:01:00,60.7,24.3,157,0,402,OFF,0,charcoal/cardboard
391,0:01:01,60.7,24.3,158,0,401,OFF,0,charcoal/cardboard
392,0:01:02,60.7,24.3,158,3,400,OFF,0,charcoal/cardboard
393,0:01:03,60.7,24.3,157,0,400,OFF,0,charcoal/cardboard
394,0:01:04,60.6,24.3,157,4,410,OFF,0,charcoal/cardboard
395,0:01:05,60.6,24.3,157,0,406,OFF,0,charcoal/cardboard
396,0:01:06,60.6,24.3,157,3,421,OFF,0,charcoal/cardboard
397,0:01:07,60.6,24.3,157,2,413,OFF,0,charcoal/cardboard
398,0:01:08,60.6,24.3,157,8,416,OFF,0,charcoal/cardboard
399,0:01:09,60.5,24.2,157,8,415,OFF,0,charcoal/cardboard
400,0:01:10,60.5,24.2,157,3,411,OFF,0,charcoal/cardboard
401,0:01:11,60.5,24.2,157,1,420,OFF,0,charcoal/cardboard
402,0:01:12,60.5,24.2,157,4,424,OFF,0,charcoal/cardboard
403,0:01:13,60.5,24.2,157,6,428,OFF,0,charcoal/cardboard
404,0:01:14,60.5,24.2,158,0,432,OFF,0,charcoal/cardboard
405,0:01:15,60.6,24.3,158,4,445,OFF,0,charcoal/cardboard
406,0:01:16,60.6,24.3,159,7,463,OFF,0,charcoal/cardboard
407,0:01:17,60.5,24.2,159,13,477,OFF,0,charcoal/cardboard
408,0:01:18,60.5,24.2,159,11,474,OFF,0,charcoal/cardboard
409,0:01:19,60.5,24.2,160,19,474,OFF,0,charcoal/cardboard
410,0:01:20,60.5,24.2,160,18,462,OFF,0,charcoal/cardboard
411,0:01:21,60.5,24.2,160,15,467,OFF,0,charcoal/cardboard
412,0:01:22,60.5,24.2,161,16,469,OFF,0,charcoal/cardboard
413,0:01:23,60.6,24.2,161,15,462,OFF,0,charcoal/cardboard
414,0:01:24,60.6,24.2,161,7,458,OFF,0,charcoal/cardboard
415,0:01:25,60.6,24.2,162,9,463,OFF,0,charcoal/cardboard
416,0:01:26,60.6,24.2,163,9,467,OFF,0,charcoal/cardboard
417,0:01:27,60.6,24.2,163,4,457,OFF,0,charcoal/cardboard
418,0:01:28,60.6,24.2,163,5,461,OFF,0,charcoal/cardboard
419,0:01:29,60.6,24.2,167,12,486,OFF,0,charcoal/cardboard
420,0:01:30,60.6,24.2,169,21,537,OFF,0,charcoal/cardboard
421,0:01:31,60.6,24.2,173,32,627,OFF,1,charcoal/cardboard
422,0:01:32,60.6,24.2,174,41,646,OFF,1,charcoal/cardboard
423,0:01:33,60.8,24.2,176,45,657,OFF,1,charcoal/cardboard
424,0:01:34,60.8,24.2,178,43,679,OFF,1,charcoal/cardboard
425,0:01:35,61.0,24.2,181,54,723,OFF,1,charcoal/cardboard
426,0:01:36,61.0,24.2,183,65,738,OFF,1,charcoal/cardboard
427,0:01:37,61.1,24.2,186,62,744,OFF,1,charcoal/cardboard
428,0:01:38,61.1,24.2,187,66,747,OFF,1,charcoal/cardboard
429,0:01:39,61.2,24.2,189,70,741,OFF,1,charcoal/cardboard
430,0:01:40,61.2,24.2,190,71,752,OFF,1,charcoal/cardboard
431,0:01:41,61.3,24.2,190,77,745,OFF,1,charcoal/cardboard
432,0:01:42,61.3,24.2,192,81,750,OFF,1,charcoal/cardboard
433,0:01:43,61.3,24.2,194,88,775,OFF,1,charcoal/cardboard
434,0:01:44,61.3,24.2,196,89,786,OFF,1,charcoal/cardboard
435,0:01:45,61.3,24.3,198,90,786,OFF,1,charcoal/cardboard
436,0:01:46,61.3,24.3,197,96,798,OFF,1,charcoal/cardboard
437,0:01:47,61.2,24.2,197,93,774,OFF,1,charcoal/cardboard
438,0:01:48,61.2,24.2,197,95,745,OFF,1,charcoal/cardboard
439,0:01:49,61.2,24.3,198,91,735,OFF,1,charcoal/cardboard
440,0:01:50,61.3,24.3,199,90,728,OFF,1,charcoal/cardboard
441,0:01:51,61.3,24.3,201,83,762,OFF,1,charcoal/cardboard
442,0:01:52,61.3,24.2,201,95,785,OFF,1,charcoal/cardboard
443,0:01:53,61.3,24.2,202,96,783,OFF,1,charcoal/cardboard
444,0:01:54,61.3,24.2,202,99,774,OFF,1,charcoal/cardboard
445,0:01:55,61.3,24.2,202,95,755,OFF,1,charcoal/cardboard
446,0:01:56,61.4,24.2,204,100,750,OFF,1,charcoal/cardboard
447,0:01:57,61.4,24.2,204,103,736,OFF,1,charcoal/cardboard
448,0:01:58,61.4,24.3,205,96,740,OFF,1,charcoal/cardboard
449,0:01:59,61.4,24.3,204,95,747,OFF,1,charcoal/cardboard
450,0:02:00,61.4,24.3,206,102,751,OFF,1,charcoal/cardboard
451,0:02:01,61.4,24.3,209,99,755,OFF,1,charcoal/cardboard
452,0:02:02,61.4,24.3,215,114,876,OFF,1,charcoal/cardboard
453,0:02:03,61.4,24.3,218,124,972,OFF,1,charcoal/cardboard
454,0:02:04,61.4,24.3,221,134,1031,OFF,1,charcoal/cardboard
455,0:02:05,61.4,24.3,223,139,1048,OFF,1,charcoal/cardboard
456,0:02:06,61.4,24.3,223,148,1076,OFF,1,charcoal/cardboard
457,0:02:08,61.4,24.3,225,149,1077,OFF,1,charcoal/cardboard
458,0:02:09,61.5,24.3,225,159,1087,OFF,1,charcoal/cardboard
459,0:02:10,61.5,24.3,226,161,1099,OFF,1,charcoal/cardboard
460,0:02:11,61.5,24.3,228,168,1123,OFF,1,charcoal/cardboard
461,0:02:12,61.5,24.3,229,164,1118,OFF,1,charcoal/cardboard
462,0:02:13,61.5,24.3,229,174,1128,OFF,1,charcoal/cardboard
463,0:02:14,61.5,24.3,229,171,1120,OFF,1,charcoal/cardboard
464,0:02:15,61.5,24.3,229,174,1120,OFF,1,charcoal/cardboard
465,0:02:16,61.5,24.3,228,176,1113,OFF,1,charcoal/cardboard
466,0:02:17,61.5,24.3,228,183,1102,OFF,1,charcoal/cardboard
467,0:02:18,61.5,24.3,227,177,1070,OFF,1,charcoal/cardboard
468,0:02:19,61.5,24.3,223,175,1041,OFF,1,charcoal/cardboard
469,0:02:20,61.5,24.3,222,173,1026,OFF,1,charcoal/cardboard
470,0:02:21,61.4,24.3,220,170,960,OFF,1,charcoal/cardboard
471,0:02:22,61.4,24.3,220,168,948,OFF,1,charcoal/cardboard
472,0:02:23,61.5,24.3,221,167,922,OFF,1,charcoal/cardboard
473,0:02:24,61.5,24.3,221,162,906,OFF,1,charcoal/cardboard
474,0:02:25,61.5,24.3,221,168,920,OFF,1,charcoal/cardboard
475,0:02:26,61.5,24.3,222,164,909,OFF,1,charcoal/cardboard
476,0:02:27,61.4,24.3,223,157,910,OFF,1,charcoal/cardboard
477,0:02:28,61.4,24.3,224,160,910,OFF,1,charcoal/cardboard
478,0:02:29,61.4,24.3,224,162,905,OFF,1,charcoal/cardboard
479,0:02:30,61.4,24.3,225,158,915,OFF,1,charcoal/cardboard
480,0:02:31,61.4,24.3,226,158,897,OFF,1,charcoal/cardboard
481,0:02:32,61.4,24.3,226,156,897,OFF,1,charcoal/cardboard
482,0:02:33,61.4,24.3,226,161,880,OFF,1,charcoal/cardboard
483,0:02:34,61.4,24.4,227,154,879,OFF,1,charcoal/cardboard
484,0:02:35,61.4,24.4,229,157,867,OFF,1,charcoal/cardboard
485,0:02:36,61.4,24.4,229,152,875,OFF,1,charcoal/cardboard
486,0:02:37,61.4,24.4,231,156,904,OFF,1,charcoal/cardboard
487,0:02:38,61.4,24.4,232,158,906,OFF,1,charcoal/cardboard
488,0:02:39,61.4,24.4,232,161,963,OFF,1,charcoal/cardboard
489,0:02:40,61.4,24.4,230,165,971,OFF,1,charcoal/cardboard
490,0:02:41,61.4,24.4,231,170,1022,OFF,1,charcoal/cardboard
491,0:02:42,61.3,24.4,231,170,1064,OFF,1,charcoal/cardboard
492,0:02:43,61.3,24.4,231,177,1059,OFF,1,charcoal/cardboard
493,0:02:44,61.3,24.4,230,177,1048,OFF,1,charcoal/cardboard
494,0:02:45,61.3,24.4,231,177,1073,OFF,1,charcoal/cardboard
495,0:02:46,61.3,24.4,230,183,1081,OFF,1,charcoal/cardboard
496,0:02:47,61.3,24.4,231,181,1111,OFF,1,charcoal/cardboard
497,0:02:48,61.3,24.4,232,187,1138,OFF,1,charcoal/cardboard
498,0:02:49,61.3,24.4,231,193,1161,OFF,1,charcoal/cardboard
499,0:02:50,61.4,24.4,231,194,1164,OFF,1,charcoal/cardboard
500,0:02:51,61.4,24.4,229,191,1106,OFF,1,charcoal/cardboard
501,0:02:52,61.4,24.4,228,193,1057,OFF,1,charcoal/cardboard
502,0:02:53,61.4,24.4,227,191,1027,OFF,1,charcoal/cardboard
503,0:02:54,61.4,24.4,225,186,946,OFF,1,charcoal/cardboard
504,0:02:55,61.4,24.4,222,173,851,OFF,1,charcoal/cardboard
505,0:02:56,61.5,24.4,221,167,836,OFF,1,charcoal/cardboard
506,0:02:57,61.5,24.4,219,157,820,OFF,1,charcoal/cardboard
507,0:02:58,61.6,24.5,219,151,817,OFF,1,charcoal/cardboard
508,0:02:59,61.6,24.5,217,145,789,OFF,1,charcoal/cardboard
509,0:03:00,61.6,24.4,218,144,787,OFF,1,charcoal/cardboard
510,0:03:01,61.6,24.4,217,142,789,OFF,1,charcoal/cardboard
511,0:03:02,61.6,24.5,217,139,790,OFF,1,charcoal/cardboard
512,0:03:03,61.6,24.5,218,135,792,OFF,1,charcoal/cardboard
513,0:03:04,61.6,24.4,218,133,790,OFF,1,charcoal/cardboard
514,0:03:05,61.6,24.4,218,138,797,OFF,1,charcoal/cardboard
515,0:03:06,61.6,24.4,218,135,793,OFF,1,charcoal/cardboard
516,0:03:07,61.6,24.4,218,139,805,OFF,1,charcoal/cardboard
517,0:03:08,61.6,24.5,218,136,802,OFF,1,charcoal/cardboard
518,0:03:09,61.6,24.5,219,136,799,OFF,1,charcoal/cardboard
519,0:03:10,61.5,24.4,220,139,816,OFF,1,charcoal/cardboard
520,0:03:11,61.5,24.4,219,138,830,OFF,1,charcoal/cardboard
521,0:03:12,61.6,24.5,220,141,829,OFF,1,charcoal/cardboard
522,0:03:13,61.6,24.5,221,141,848,OFF,1,charcoal/cardboard
523,0:03:14,61.5,24.5,223,146,861,OFF,1,charcoal/cardboard
524,0:03:15,61.5,24.5,223,157,878,OFF,1,charcoal/cardboard
525,0:03:16,61.5,24.5,224,152,889,OFF,1,charcoal/cardboard
526,0:03:17,61.5,24.5,224,154,898,OFF,1,charcoal/cardboard
527,0:03:18,61.4,24.5,224,154,908,OFF,1,charcoal/cardboard
528,0:03:19,61.4,24.5,225,161,913,OFF,1,charcoal/cardboard
529,0:03:20,61.4,24.5,225,161,913,OFF,1,charcoal/cardboard
530,0:03:21,61.4,24.5,225,161,895,OFF,1,charcoal/cardboard
531,0:03:22,61.4,24.5,225,162,879,OFF,1,charcoal/cardboard
532,0:03:23,61.4,24.5,226,161,891,OFF,1,charcoal/cardboard
533,0:03:24,61.4,24.5,226,161,895,OFF,1,charcoal/cardboard
534,0:03:25,61.4,24.5,228,162,897,OFF,1,charcoal/cardboard
535,0:03:26,61.3,24.5,230,162,890,OFF,1,charcoal/cardboard
536,0:03:27,61.3,24.5,231,157,891,OFF,1,charcoal/cardboard
537,0:03:28,61.3,24.5,232,161,916,OFF,1,charcoal/cardboard
538,0:03:29,61.3,24.5,233,167,950,OFF,1,charcoal/cardboard
539,0:03:30,61.3,24.5,233,171,955,OFF,1,charcoal/cardboard
540,0:03:31,61.3,24.5,233,167,973,OFF,1,charcoal/cardboard
541,0:03:32,61.3,24.6,233,167,990,OFF,1,charcoal/cardboard
542,0:03:33,61.3,24.6,234,172,1066,OFF,1,charcoal/cardboard
543,0:03:34,61.2,24.5,234,183,1259,OFF,1,charcoal/cardboard
544,0:03:35,61.2,24.5,234,192,1328,OFF,1,charcoal/cardboard
545,0:03:36,61.3,24.6,236,204,1358,OFF,1,charcoal/cardboard
546,0:03:37,61.3,24.6,237,208,1358,OFF,1,charcoal/cardboard
547,0:03:38,61.2,24.5,236,213,1361,OFF,1,charcoal/cardboard
548,0:03:39,61.2,24.5,237,222,1369,OFF,1,charcoal/cardboard
549,0:03:40,61.3,24.5,237,221,1330,OFF,1,charcoal/cardboard
550,0:03:41,61.3,24.5,238,223,1361,OFF,1,charcoal/cardboard
551,0:03:42,61.3,24.6,239,226,1384,OFF,1,charcoal/cardboard
552,0:03:43,61.3,24.6,239,229,1393,OFF,1,charcoal/cardboard
553,0:03:44,61.3,24.6,240,238,1412,OFF,1,charcoal/cardboard
554,0:03:45,61.3,24.6,240,240,1423,OFF,1,charcoal/cardboard
555,0:03:46,61.3,24.6,241,240,1442,OFF,1,charcoal/cardboard
556,0:03:47,61.3,24.6,241,244,1471,OFF,1,charcoal/cardboard
557,0:03:48,61.3,24.6,242,256,1523,OFF,1,charcoal/cardboard
558,0:03:49,61.3,24.6,243,256,1555,OFF,1,charcoal/cardboard
559,0:03:50,61.3,24.6,249,272,1532,OFF,1,charcoal/cardboard
560,0:03:51,61.3,24.6,251,264,1503,OFF,1,charcoal/cardboard
561,0:03:52,61.3,24.6,254,277,1505,OFF,1,charcoal/cardboard
562,0:03:53,61.3,24.6,255,266,1502,OFF,1,charcoal/cardboard
563,0:03:54,61.3,24.6,254,258,1498,OFF,1,charcoal/cardboard
564,0:03:55,61.3,24.6,253,269,1515,OFF,1,charcoal/cardboard
565,0:03:56,61.2,24.6,252,263,1513,OFF,1,charcoal/cardboard
566,0:03:57,61.2,24.6,253,269,1517,OFF,1,charcoal/cardboard
567,0:03:58,61.2,24.6,254,289,1546,OFF,1,charcoal/cardboard
568,0:03:59,61.2,24.6,256,272,1523,OFF,1,charcoal/cardboard
569,0:04:00,61.2,24.6,257,272,1543,OFF,1,charcoal/cardboard
570,0:04:01,61.2,24.6,257,292,1565,OFF,1,charcoal/cardboard
571,0:04:02,61.2,24.6,257,288,1579,OFF,1,charcoal/cardboard
572,0:04:03,61.2,24.6,256,293,1605,OFF,1,charcoal/cardboard
573,0:04:04,61.2,24.6,256,317,1657,OFF,1,charcoal/cardboard
574,0:04:05,61.1,24.6,257,319,1685,OFF,1,charcoal/cardboard
575,0:04:06,61.1,24.6,258,327,1696,OFF,1,charcoal/cardboard
576,0:04:07,61.1,24.6,258,325,1700,OFF,1,charcoal/cardboard
577,0:04:08,61.1,24.6,259,336,1730,OFF,1,charcoal/cardboard
578,0:04:09,61.1,24.6,260,343,1724,OFF,1,charcoal/cardboard
579,0:04:10,61.1,24.6,261,345,1727,OFF,1,charcoal/cardboard
580,0:04:11,61.1,24.6,262,349,1669,OFF,1,charcoal/cardboard
581,0:04:12,61.1,24.6,261,338,1636,OFF,1,charcoal/cardboard
582,0:04:13,61.0,24.6,261,331,1538,OFF,1,charcoal/cardboard
583,0:04:14,61.0,24.6,260,317,1529,OFF,1,charcoal/cardboard
584,0:04:15,61.0,24.6,259,304,1502,OFF,1,charcoal/cardboard
585,0:04:16,61.0,24.6,258,305,1514,OFF,1,charcoal/cardboard
586,0:04:17,61.0,24.6,258,296,1519,OFF,1,charcoal/cardboard
587,0:04:18,61.0,24.6,259,296,1555,OFF,1,charcoal/cardboard
588,0:04:19,61.0,24.6,258,309,1584,OFF,1,charcoal/cardboard
589,0:04:20,61.0,24.6,258,309,1601,OFF,1,charcoal/cardboard
590,0:04:21,61.0,24.7,258,322,1640,OFF,1,charcoal/cardboard
591,0:04:22,61.0,24.7,258,325,1647,OFF,1,charcoal/cardboard
592,0:04:23,61.0,24.7,259,329,1653,OFF,1,charcoal/cardboard
593,0:04:24,61.0,24.7,260,338,1654,OFF,1,charcoal/cardboard
594,0:04:25,60.9,24.6,262,346,1686,OFF,1,charcoal/cardboard
595,0:04:26,60.9,24.6,263,340,1715,OFF,1,charcoal/cardboard
596,0:04:27,60.9,24.7,263,352,1791,OFF,1,charcoal/cardboard
597,0:04:28,60.9,24.7,263,357,1810,OFF,1,charcoal/cardboard
598,0:04:29,60.9,24.7,263,383,1880,OFF,1,charcoal/cardboard
599,0:04:30,60.9,24.7,263,382,1884,OFF,1,charcoal/cardboard
600,0:04:31,60.9,24.7,264,394,1873,OFF,1,charcoal/cardboard
601,0:04:32,60.9,24.7,264,385,1851,OFF,1,charcoal/cardboard
602,0:04:33,60.9,24.7,264,398,1851,OFF,1,charcoal/cardboard
603,0:04:34,60.9,24.7,264,392,1844,OFF,1,charcoal/cardboard
604,0:04:35,60.8,24.7,264,387,1871,OFF,1,charcoal/cardboard
605,0:04:36,60.8,24.7,263,392,1887,OFF,1,charcoal/cardboard
606,0:04:37,60.8,24.7,264,410,1950,OFF,1,charcoal/cardboard
607,0:04:38,60.8,24.7,264,411,1977,OFF,1,charcoal/cardboard
608,0:04:39,60.8,24.7,265,423,2014,OFF,1,charcoal/cardboard
609,0:04:40,60.8,24.7,265,438,2022,OFF,1,charcoal/cardboard
610,0:04:41,60.8,24.7,266,441,2015,OFF,1,charcoal/cardboard
611,0:04:42,60.7,24.7,268,427,1987,OFF,1,charcoal/cardboard
612,0:04:43,60.7,24.7,268,428,2012,OFF,1,charcoal/cardboard
613,0:04:44,60.7,24.7,268,435,2047,OFF,1,charcoal/cardboard
614,0:04:45,60.7,24.7,268,431,2114,OFF,1,charcoal/cardboard
615,0:04:46,60.7,24.7,268,449,2219,OFF,1,charcoal/cardboard
616,0:04:47,60.7,24.7,269,466,2374,OFF,1,charcoal/cardboard
617,0:04:48,60.7,24.7,269,466,2425,OFF,1,charcoal/cardboard
618,0:04:49,60.7,24.7,270,488,2460,OFF,1,charcoal/cardboard
619,0:04:50,60.6,24.7,271,490,2465,OFF,1,charcoal/cardboard
620,0:04:51,60.6,24.7,273,500,2460,OFF,1,charcoal/cardboard
621,0:04:52,60.6,24.7,274,492,2406,OFF,1,charcoal/cardboard
622,0:04:53,60.6,24.7,276,498,2369,OFF,1,charcoal/cardboard
623,0:04:54,60.6,24.7,277,504,2307,OFF,1,charcoal/cardboard
624,0:04:55,60.6,24.7,278,486,2344,OFF,1,charcoal/cardboard
625,0:04:56,60.6,24.7,278,496,2332,OFF,1,charcoal/cardboard
626,0:04:57,60.6,24.7,278,497,2300,OFF,1,charcoal/cardboard
627,0:04:58,60.6,24.8,279,486,2268,OFF,1,charcoal/cardboard
628,0:04:59,60.6,24.8,279,486,2266,OFF,1,charcoal/cardboard
629,0:05:00,60.6,24.8,280,493,2288,OFF,1,charcoal/cardboard
630,0:05:01,60.6,24.8,282,484,2285,OFF,1,charcoal/cardboard
631,0:05:02,60.5,24.8,284,489,2283,OFF,1,charcoal/cardboard
632,0:05:03,60.5,24.8,285,499,2298,OFF,1,charcoal/cardboard
633,0:05:04,60.5,24.7,285,492,2266,OFF,1,charcoal/cardboard
634,0:05:05,60.5,24.7,285,489,2300,OFF,1,charcoal/cardboard
635,0:05:06,60.5,24.8,285,490,2283,OFF,1,charcoal/cardboard
636,0:05:07,60.5,24.8,284,494,2298,OFF,1,charcoal/cardboard
637,0:05:08,60.4,24.7,286,522,2850,OFF,1,charcoal/cardboard
638,0:05:09,60.4,24.7,289,542,3183,OFF,1,charcoal/cardboard
639,0:05:10,60.5,24.8,294,576,3233,OFF,1,charcoal/cardboard
640,0:05:11,60.5,24.8,295,573,3110,OFF,1,charcoal/cardboard
641,0:05:12,60.5,24.8,298,564,2850,OFF,1,charcoal/cardboard
642,0:05:13,60.5,24.8,301,560,2801,OFF,1,charcoal/cardboard
643,0:05:14,60.5,24.8,306,564,2879,OFF,1,charcoal/cardboard
644,0:05:15,60.5,24.8,307,566,2906,OFF,1,charcoal/cardboard
645,0:05:16,60.5,24.8,309,564,2958,OFF,1,charcoal/cardboard
646,0:05:17,60.5,24.8,310,577,3058,OFF,1,charcoal/cardboard
647,0:05:18,60.5,24.8,310,584,3122,OFF,1,charcoal/cardboard
648,0:05:19,60.5,24.8,309,600,3085,OFF,1,charcoal/cardboard
649,0:05:20,60.5,24.8,311,605,3100,OFF,1,charcoal/cardboard
650,0:05:21,60.5,24.8,312,597,3274,OFF,1,charcoal/cardboard
651,0:05:22,60.5,24.8,314,687,3625,OFF,1,charcoal/cardboard
652,0:05:23,60.5,24.8,316,715,3716,OFF,1,charcoal/cardboard
653,0:05:24,60.5,24.8,317,753,3777,OFF,1,charcoal/cardboard
654,0:05:25,60.5,24.8,317,766,3770,OFF,1,charcoal/cardboard
655,0:05:26,60.4,24.8,316,797,3785,OFF,1,charcoal/cardboard
656,0:05:27,60.4,24.8,316,804,3812,OFF,1,charcoal/cardboard
657,0:05:28,60.4,24.8,315,794,3799,OFF,1,charcoal/cardboard
658,0:05:29,60.4,24.8,315,819,3777,OFF,1,charcoal/cardboard
659,0:05:30,60.5,24.8,316,804,3709,OFF,1,charcoal/cardboard
660,0:05:31,60.5,24.8,315,801,3625,OFF,1,charcoal/cardboard
661,0:05:32,60.5,24.8,316,778,3498,OFF,1,charcoal/cardboard
662,0:05:33,60.5,24.8,316,767,3434,OFF,1,charcoal/cardboard
663,0:05:34,60.5,24.8,316,735,3304,OFF,1,charcoal/cardboard
664,0:05:35,60.5,24.8,316,738,3240,OFF,1,charcoal/cardboard
665,0:05:36,60.5,24.8,315,717,3171,OFF,1,charcoal/cardboard
666,0:05:37,60.5,24.8,316,719,3157,OFF,1,charcoal/cardboard
667,0:05:38,60.5,24.8,315,700,3183,OFF,1,charcoal/cardboard
668,0:05:39,60.5,24.8,315,705,3193,OFF,1,charcoal/cardboard
669,0:05:40,60.5,24.8,315,695,3191,OFF,1,charcoal/cardboard
670,0:05:41,60.5,24.8,315,692,3161,OFF,1,charcoal/cardboard
671,0:05:42,60.5,24.8,315,683,3139,OFF,1,charcoal/cardboard
672,0:05:43,60.5,24.8,315,686,3161,OFF,1,charcoal/cardboard
673,0:05:44,60.5,24.8,315,683,3247,OFF,1,charcoal/cardboard
674,0:05:45,60.4,24.8,315,704,3328,OFF,1,charcoal/cardboard
675,0:05:46,60.4,24.8,314,713,3395,OFF,1,charcoal/cardboard
676,0:05:47,60.4,24.8,314,732,3485,OFF,1,charcoal/cardboard
677,0:05:48,60.4,24.8,314,739,3542,OFF,1,charcoal/cardboard
678,0:05:49,60.4,24.8,314,763,3554,OFF,1,charcoal/cardboard
679,0:05:50,60.4,24.8,313,770,3579,OFF,1,charcoal/cardboard
680,0:05:51,60.4,24.8,313,766,3581,OFF,1,charcoal/cardboard
681,0:05:52,60.4,24.8,313,786,3588,OFF,1,charcoal/cardboard
682,0:05:53,60.3,24.8,313,772,3544,OFF,1,charcoal/cardboard
683,0:05:54,60.3,24.8,313,776,3529,OFF,1,charcoal/cardboard
684,0:05:55,60.3,24.8,313,809,3564,OFF,1,charcoal/cardboard
685,0:05:56,60.3,24.8,313,788,3564,OFF,1,charcoal/cardboard
686,0:05:57,60.3,24.8,314,786,3552,OFF,1,charcoal/cardboard
687,0:05:58,60.3,24.8,314,783,3581,OFF,1,charcoal/cardboard
688,0:05:59,60.3,24.8,316,797,3586,OFF,1,charcoal/cardboard
689,0:06:00,60.3,24.8,319,805,3579,OFF,1,charcoal/cardboard
690,0:06:01,60.3,24.8,321,810,3743,OFF,1,charcoal/cardboard
691,0:06:02,60.3,24.8,322,849,3890,OFF,1,charcoal/cardboard
692,0:06:03,60.3,24.8,322,898,4077,OFF,1,charcoal/cardboard
693,0:06:04,60.3,24.8,323,938,4207,OFF,1,charcoal/cardboard
694,0:06:05,60.3,24.8,325,962,4364,OFF,1,charcoal/cardboard
695,0:06:06,60.3,24.8,325,982,4491,OFF,1,charcoal/cardboard
696,0:06:07,60.3,24.8,325,1016,4592,OFF,1,charcoal/cardboard
697,0:06:08,60.3,24.8,325,1024,4513,OFF,1,charcoal/cardboard
698,0:06:09,60.3,24.8,326,1027,4455,OFF,1,charcoal/cardboard
699,0:06:10,60.3,24.8,328,1022,4386,OFF,1,charcoal/cardboard
700,0:06:11,60.3,24.8,329,1014,4374,OFF,1,charcoal/cardboard
701,0:06:12,60.3,24.8,330,1034,4371,OFF,1,charcoal/cardboard
702,0:06:13,60.3,24.8,334,1012,4381,OFF,1,charcoal/cardboard
703,0:06:14,60.3,24.8,337,1027,4455,OFF,1,charcoal/cardboard
704,0:06:15,60.3,24.8,339,1039,4648,OFF,1,charcoal/cardboard
705,0:06:16,60.3,24.9,340,1099,4908,OFF,1,charcoal/cardboard
706,0:06:17,60.3,24.9,342,1143,5261,OFF,1,charcoal/cardboard
707,0:06:18,60.2,24.8,342,1162,5354,OFF,1,charcoal/cardboard
708,0:06:19,60.2,24.8,343,1190,5418,OFF,1,charcoal/cardboard
709,0:06:20,60.2,24.8,343,1202,5499,OFF,1,charcoal/cardboard
710,0:06:21,60.2,24.8,344,1210,5533,OFF,1,charcoal/cardboard
711,0:06:22,60.2,24.8,345,1221,5464,OFF,1,charcoal/cardboard
712,0:06:23,60.2,24.8,346,1218,5499,OFF,1,charcoal/cardboard
713,0:06:24,60.2,24.8,347,1240,5475,OFF,1,charcoal/cardboard
714,0:06:25,60.2,24.8,347,1232,5389,OFF,1,charcoal/cardboard
715,0:06:26,60.2,24.8,348,1238,5383,OFF,1,charcoal/cardboard
716,0:06:27,60.2,24.8,348,1232,5354,OFF,1,charcoal/cardboard
717,0:06:28,60.2,24.8,347,1238,5389,OFF,1,charcoal/cardboard
718,0:06:29,60.2,24.8,348,1232,5284,OFF,1,charcoal/cardboard
719,0:06:30,60.2,24.8,348,1241,5313,OFF,1,charcoal/cardboard
720,0:06:31,60.2,24.8,348,1253,5325,OFF,1,charcoal/cardboard
721,0:06:32,60.2,24.8,348,1242,5279,OFF,1,charcoal/cardboard
722,0:06:33,60.2,24.8,348,1237,5261,OFF,1,charcoal/cardboard
723,0:06:34,60.2,24.9,348,1241,5238,OFF,1,charcoal/cardboard
724,0:06:35,60.2,24.9,348,1242,5232,OFF,1,charcoal/cardboard
725,0:06:36,60.2,24.9,347,1253,5296,OFF,1,charcoal/cardboard
726,0:06:37,60.2,24.9,348,1253,5284,OFF,1,charcoal/cardboard
727,0:06:38,60.2,24.9,348,1260,5250,OFF,1,charcoal/cardboard
728,0:06:39,60.2,24.9,348,1270,5296,OFF,1,charcoal/cardboard
729,0:06:40,60.2,24.9,348,1269,5400,OFF,1,charcoal/cardboard
730,0:06:41,60.2,24.9,348,1255,5290,OFF,1,charcoal/cardboard
731,0:06:42,60.2,24.9,349,1243,5279,OFF,1,charcoal/cardboard
732,0:06:43,60.2,24.9,349,1266,5296,OFF,1,charcoal/cardboard
733,0:06:44,60.2,24.9,350,1263,5360,OFF,1,charcoal/cardboard
734,0:06:45,60.2,24.9,351,1261,5383,OFF,1,charcoal/cardboard
735,0:06:46,60.2,24.9,352,1262,5510,OFF,1,charcoal/cardboard
736,0:06:47,60.2,24.9,354,1280,5493,OFF,1,charcoal/cardboard
737,0:06:48,60.2,24.9,358,1277,5603,OFF,1,charcoal/cardboard
738,0:06:49,60.2,24.9,359,1291,5939,OFF,1,charcoal/cardboard
739,0:06:50,60.2,24.9,360,1386,6657,OFF,1,charcoal/cardboard
740,0:06:51,60.2,24.9,360,1446,6952,OFF,2,charcoal/cardboard
741,0:06:52,60.1,24.9,361,1542,7288,ON,2,charcoal/cardboard
742,0:06:53,60.1,24.9,362,1577,7398,ON,2,charcoal/cardboard
743,0:06:54,60.1,24.9,362,1665,7566,ON,2,charcoal/cardboard
744,0:06:55,60.1,24.9,361,1667,7485,ON,2,charcoal/cardboard
745,0:06:56,60.1,24.9,361,1621,7178,ON,2,charcoal/cardboard
746,0:06:57,60.1,24.9,361,1609,7172,ON,2,charcoal/cardboard
747,0:06:58,60.1,24.9,361,1619,7207,ON,2,charcoal/cardboard
748,0:06:59,60.1,24.9,360,1653,7340,ON,2,charcoal/cardboard
749,0:07:00,60.1,24.9,360,1690,7450,ON,2,charcoal/cardboard
750,0:07:01,60.1,24.9,361,1723,7589,ON,2,charcoal/cardboard
751,0:07:02,60.1,24.9,362,1764,7653,ON,2,charcoal/cardboard
752,0:07:03,60.1,24.9,364,1764,7584,ON,2,charcoal/cardboard
753,0:07:04,60.1,24.9,365,1783,7647,ON,2,charcoal/cardboard
754,0:07:05,60.1,24.9,366,1785,7584,ON,2,charcoal/cardboard
755,0:07:06,60.1,24.9,366,1750,7520,ON,2,charcoal/cardboard
756,0:07:07,60.1,24.9,367,1753,7474,ON,2,charcoal/cardboard
757,0:07:08,60.1,24.9,367,1762,7537,ON,2,charcoal/cardboard
758,0:07:09,60.1,24.9,368,1766,7676,ON,2,charcoal/cardboard
759,0:07:10,60.1,24.9,369,1801,7775,ON,2,charcoal/cardboard
760,0:07:11,60.1,24.9,369,1817,7879,ON,2,charcoal/cardboard
761,0:07:12,60.1,24.9,369,1831,8105,ON,2,charcoal/cardboard
762,0:07:13,60.1,24.9,369,1875,8134,ON,2,charcoal/cardboard
763,0:07:14,60.1,24.9,369,1859,8134,ON,2,charcoal/cardboard
764,0:07:15,60.1,24.9,369,1896,8058,ON,2,charcoal/cardboard
765,0:07:16,60.1,24.9,368,1877,7931,ON,2,charcoal/cardboard
766,0:07:17,60.1,24.9,368,1840,7925,ON,2,charcoal/cardboard
767,0:07:18,60.1,24.9,368,1845,7885,ON,2,charcoal/cardboard
768,0:07:19,60.1,24.9,367,1847,7896,ON,2,charcoal/cardboard
769,0:07:20,60.1,24.9,367,1856,7856,ON,2,charcoal/cardboard
770,0:07:21,60.1,24.9,367,1836,7873,ON,2,charcoal/cardboard
771,0:07:22,60.1,24.9,366,1859,7867,ON,2,charcoal/cardboard
772,0:07:23,60.1,24.9,366,1847,7763,ON,2,charcoal/cardboard
773,0:07:24,60.1,24.9,366,1836,7723,ON,2,charcoal/cardboard
774,0:07:25,60.1,24.9,365,1820,7474,ON,2,charcoal/cardboard
775,0:07:26,60.1,24.9,365,1771,7282,ON,2,charcoal/cardboard
776,0:07:27,60.0,24.9,365,1764,7057,ON,2,charcoal/cardboard
777,0:07:28,60.0,24.9,365,1704,7022,ON,2,charcoal/cardboard
778,0:07:29,60.0,24.9,364,1688,6958,ON,2,charcoal/cardboard
779,0:07:30,60.0,24.9,365,1706,6946,ON,2,charcoal/cardboard
780,0:07:31,60.0,24.9,364,1699,7016,ON,2,charcoal/cardboard
781,0:07:32,60.0,24.9,364,1663,7022,ON,2,charcoal/cardboard
782,0:07:34,60.0,24.9,364,1709,7016,ON,2,charcoal/cardboard
783,0:07:35,60.0,24.9,364,1729,7010,ON,2,charcoal/cardboard
784,0:07:36,60.0,24.9,364,1699,6952,ON,2,charcoal/cardboard
785,0:07:37,60.0,24.9,364,1665,6941,ON,2,charcoal/cardboard
